{"192.168.3.96": {"ip": "192.168.3.96", "port": 554, "param": {"camera_matrix": [[1619.478957214607, 0.0, 913.2071281446017], [0.0, 1619.723620932968, 528.486622095324], [0.0, 0.0, 1.0]], "dist_coeffs": [[-0.3334691321565847, 0.16267418214751067, -0.0005755416705732398, -0.0002887218876942757, -0.05373788153504584]], "rvecs": [[[-3.0454934514077587], [0.0940909054936068], [0.49892290593391414]]], "tvecs": [[[-1421.562939112698], [1254.6063159183266], [8345.289120668758]]], "R": null, "T": null, "E": null, "F": null}}, "192.168.3.98": {"ip": "192.168.3.98", "port": 554, "param": {"camera_matrix": [[1714.2760134812374, 0.0, 940.6449785378727], [0.0, 1716.0037796812628, 552.765806712867], [0.0, 0.0, 1.0]], "dist_coeffs": [[-0.3180722340844177, 0.153375629025398, 0.00030361514240975936, -0.000196225295224228, -0.05186163762725672]], "rvecs": [[[-1.8998491282374308], [-0.010859770805657113], [-2.4637860216321297]]], "tvecs": [[[1531.2498375546445], [1515.0620966798167], [7180.150574619103]]], "R": null, "T": null, "E": null, "F": null}}, "192.168.3.99": {"ip": "192.168.3.99", "port": 554, "param": {"camera_matrix": [[1669.9506279210173, 0.0, 844.8313707595985], [0.0, 1677.9378108453766, 507.51357023548655], [0.0, 0.0, 1.0]], "dist_coeffs": [[-0.3770829524288598, 0.20569472057514032, -0.0018331834585500935, 0.005101086929950871, -0.08799119931562548]], "rvecs": [[[2.148609757920468], [0.0184339792387491], [2.244803282557291]]], "tvecs": [[[1323.578456865221], [1694.5967554796086], [5194.02715780283]]], "R": null, "T": null, "E": null, "F": null}}, "192.168.3.91": {"ip": "192.168.3.91", "port": 554, "param": {"camera_matrix": [[1637.8074942796034, 0.0, 915.154001301584], [0.0, 1639.1169261177758, 525.7848777878528], [0.0, 0.0, 1.0]], "dist_coeffs": [[-0.34419290789518964, 0.1834457029410839, -0.0006670632539803728, -0.0004065942529388023, -0.0690572160529781]], "rvecs": [[[-0.05316603318966691], [-0.6617102331238699], [-1.5331726080080794]], [[-0.29953768296014616], [0.35919794204933425], [-1.4227886625777357]], [[0.8728836360440759], [0.3230998970847078], [-1.2684658857191562]], [[-0.18690269697548992], [0.25212262096485155], [-1.4431496594311848]], [[0.3205585582404517], [-0.25214051739282567], [-1.4627721225850232]], [[0.678641297597122], [-0.5542076662791096], [-1.370157317347472]], [[0.5532068609812372], [0.659490569314105], [-1.3280187131270345]], [[-0.42913945623912314], [0.6422757979349848], [-1.4364239773698537]], [[0.2674027003521989], [-0.06386390080461932], [-1.4993290738857115]], [[0.9007793020588104], [-0.794442885064247], [-1.2956397064572203]], [[0.8037400305430448], [0.3182211070769853], [-1.2400636730738877]], [[-0.06064223970241646], [-0.6915544549679239], [-1.5219176784065198]], [[-0.5807589241428326], [0.519503014797078], [-1.4074194787912682]], [[-0.4989858619355876], [0.734407069127861], [-1.3703787331020503]], [[-0.03530469437160484], [0.05922008054179477], [-1.5086126973182272]], [[0.3753835495749016], [-0.3488653681971109], [-1.4000921423749062]], [[-0.741053053689079], [-0.3039260340747781], [-1.3288207704259567]], [[-0.5265094539710138], [0.7107133374707354], [-1.3920260514759508]], [[0.43914360512938655], [0.7187091582111155], [-1.445125486942328]], [[-0.08375503766463487], [0.21043699971441507], [-1.4911395584382214]], [[0.7662825503687107], [0.2873324718485456], [-1.323635727831788]], [[-0.15659601670335158], [-0.8016830419392795], [-1.5641729836371046]]], "tvecs": [[[-621.8184187266813], [8.344328175013587], [1214.0342120474065]], [[-1010.0306445964299], [688.0293349545308], [3488.1024839816696]], [[-1690.2436899030413], [-353.9530134217386], [2934.4881418074324]], [[-1715.3922241076962], [105.02353681188087], [3207.360114167227]], [[-1675.7503967293646], [750.6917127609739], [2931.686583233409]], [[-594.9027246185972], [306.3954532084568], [1217.2343791993148]], [[43.22612321928557], [-3.1109658291444133], [1391.6521130032254]], [[214.2688436954582], [312.2144796652276], [1517.7339855272294]], [[-1139.093148042271], [-153.95331488370346], [2226.0416750122827]], [[-948.2276466074251], [440.627894050861], [2090.449181240136]], [[-514.3335666565421], [347.1901186036001], [2529.933303333404]], [[-399.142864971032], [-203.78521069571195], [2272.695606479838]], [[580.4436132286046], [-71.42804396924396], [2559.2826041867793]], [[460.5716872498919], [390.9151528343436], [2721.055836002786]], [[1124.8414802318778], [-394.7375402655902], [3266.0201764882922]], [[1079.2595125264168], [149.41976344658045], [3272.885164796478]], [[917.6239674202482], [737.8877116604325], [3375.709034818763]], [[566.7306451643534], [-418.2595043919237], [3612.0392221328584]], [[422.2378912484696], [145.36324886162794], [3540.62464162409]], [[489.3126382497457], [795.6194038561936], [3405.114240138006]], [[-910.1815766098039], [-395.51347380507104], [3267.4229725893188]], [[-895.1501051421704], [65.07449749216129], [3208.3421766313086]]], "R": null, "T": null, "E": null, "F": null}}, "192.168.3.95": {"ip": "192.168.3.95", "port": 554, "param": {"camera_matrix": [[2933.4112344765326, 0.0, 866.3119046257881], [0.0, 3646.8350789988726, 390.7147009337928], [0.0, 0.0, 1.0]], "dist_coeffs": [[0.9423016153889897, -13.606779979973497, 0.07551970141276103, -0.002736694401787567, 58.30129871448984]], "rvecs": [[[2.321714791640385], [0.19020634878397752], [-0.43580388600390896]]], "tvecs": [[[253.76393932546966], [28.20128711998905], [2580.6375520035563]]], "R": null, "T": null, "E": null, "F": null}}}